怪物,元件ID,名字,介绍
遗迹守卫,1082130451,铁甲小宝,年久失修，失去了发射导弹的能力，但在近战技术方面更加精进。
遗迹守卫-远程,1082130452,导弹小宝,经过了某些改装，能够提供持续不断地远程火力轰炸，不过在近战能力方面有所缺失。
丘丘王,1082130436,严丘王,在有护盾的情况下具有极强的战斗力，造成大量岩元素伤害。
火枪,1082130456,火枪手,配备高精度热能火器的愚人众士兵，负责中远距离火力压制。
异变雷斧丘丘人,1082130443,丘丘战士 · 雷能强化,受到异常元素影响而发生变异的丘丘人战士，其武器可释放高频雷能冲击，对近身目标极具威胁。
异变草斧丘丘人,1082130442,丘丘战士 · 生物侵蚀,在未知环境中长期暴露于生物能量而产生异变的丘丘人，具备持续压制能力。
雷锤,1082130455,雷锤,使用高能雷电武器的愚人众精英士兵，擅长正面突破与高强度近战打击。
冰胖,1082130454,冰喷,穿戴重型低温防护装甲的愚人众重装单位，具备极强的生存能力与近距离压制力。
火斧丘丘人,1082130440,丘丘战士 · 攻击型,使用燃烧武器进行近战打击的丘丘人单位，持续高温状态下仍保持强烈攻击欲望。
木盾丘丘人,1082130439,丘丘战士 · 防御型,以简易盾牌构建防御阵线的丘丘人防御单位，可有效抵挡来自正面的攻击。
狼牙棒盗宝,1082130457,传奇盗宝团,使用了某种仙材，已然到达凡人最强领域。他的狼牙棒能击退一切。
大冰史莱姆,1082130445,冰豆豆,一个活泼可爱的冰史莱姆，但别人可能觉得它有点冷。
中盗宝,1082130448,史诗盗宝团,资质更高的盗宝团，在身材和武力方面似乎都有所增长。
爆炸箭,1082130449,爆炸箭丘丘人,再看一眼就会爆炸。
小盗宝-远程,1082130453,优秀盗宝团,认为功夫再高，也怕菜刀。潜心钻研飞“菜刀”技术。
大岩史莱姆,1082130446,机甲史莱姆,拥有坚硬岩质外壳的史莱姆单位，坚如磐石。
大雷史莱姆,1082130444,雷电法王,酥酥麻麻的哟。
水丘丘萨满,1082130441,战场泉水,掌握水元素的丘丘人，擅长为友军回复生命值。
火箭丘丘人,1082130435,烈焰丘丘人,某一天，他们发现用火史莱姆点燃弓箭似乎能造成更强的杀伤力。
打手丘丘人,1082130438,丘丘人pro max,精英级别的丘丘人，据说他们报了一些武术课，可别小瞧他们。
小盗宝,1082130447,普通盗宝团,经验尚浅的盗宝团新成员，只会一些拳脚功夫。他真的是来打架的吗？
猪,1082130450,扑满,隔壁来的
丘丘人,1082130434,丘丘人,最常见的单位，擅长打群架。
火史莱姆,1082130437,火豆豆,活泼可爱的火史莱姆，它很喜欢给别人热烈的“拥抱”。